Feature,Coefficient
Intercept,-0.015557514271918647
APGAR 10-minute,-0.08021099920406827
