Feature,Coefficient
intercept,-0.0042462228113437275
Pulse_pressure_mean,-0.09254638612494523
