Feature,Coefficient
Intercept,-0.01907446356352962
APGAR 10-minute,-0.09539455186393113
