Feature,Coefficient
intercept,-0.023289963056423103
apgar10,-0.12193225554354377
