Feature,Coefficient
Intercept,-0.02530507978198939
APGAR 10-minute,-0.12478410367303291
