Feature,Coefficient
intercept,-0.0035205535629414487
Pulse_pressure_mean,-0.07610216692212181
