Feature,Coefficient
intercept,-0.004364234978379658
Pulse_pressure_mean,-0.0969889090780295
