Feature,Coefficient
Intercept,-0.0035205535629414487
Pulse Pressure mean,-0.07610216692212181
