Feature,Coefficient
intercept,-0.02301929306142447
apgar10,-0.12034321270908929
