{
    "random - benchmark": 0.12314277672044566,
    "random - logistic_regression": 0.01887013402399202,
    "random - logistic_regression_with_interaction": 0.21125045831088204,
    "random - decision_tree": 0.04096104002602687,
    "random - xgboost": 0.0043996271756876724,
    "random - lstm": 0.05073587231112228,
    "benchmark - logistic_regression": 0.4222427738742134,
    "benchmark - logistic_regression_with_interaction": 0.6695179487948866,
    "benchmark - decision_tree": 0.10840395516087192,
    "benchmark - xgboost": 0.000615109800609465,
    "benchmark - lstm": 0.0985355342429829,
    "logistic_regression - logistic_regression_with_interaction": 0.122338824679806,
    "logistic_regression - decision_tree": 0.48766926321577136,
    "logistic_regression - xgboost": 0.05557923501547553,
    "logistic_regression - lstm": 0.46633255672223906,
    "logistic_regression_with_interaction - decision_tree": 0.2513421526345792,
    "logistic_regression_with_interaction - xgboost": 0.058988690347496826,
    "logistic_regression_with_interaction - lstm": 0.23733748223904091,
    "decision_tree - xgboost": 0.3788469069579866,
    "decision_tree - lstm": 0.941959616454271,
    "xgboost - lstm": 0.2509926064357698
}