Feature,Coefficient
intercept,-0.01907446356352962
apgar10,-0.09539455186393113
