{
    "random - benchmark": 0.0037252441831019624,
    "random - logistic_regression": 0.9690295365107857,
    "random - logistic_regression_with_interaction": 0.03370748522197007,
    "random - decision_tree": 0.7767998641093323,
    "random - xgboost": 0.7088207173424337,
    "random - lstm": 0.15779639025619643,
    "benchmark - logistic_regression": 0.03252967053703555,
    "benchmark - logistic_regression_with_interaction": 0.6071434225579286,
    "benchmark - decision_tree": 0.0022040362129699554,
    "benchmark - xgboost": 1.1660115297870953e-05,
    "benchmark - lstm": 0.09964081407716727,
    "logistic_regression - logistic_regression_with_interaction": 0.055496478838365906,
    "logistic_regression - decision_tree": 0.7279358013874455,
    "logistic_regression - xgboost": 0.7024450125705278,
    "logistic_regression - lstm": 0.14946843085446682,
    "logistic_regression_with_interaction - decision_tree": 0.008753926676451992,
    "logistic_regression_with_interaction - xgboost": 0.00043387197277418266,
    "logistic_regression_with_interaction - lstm": 0.22577161925131256,
    "decision_tree - xgboost": 0.2998019604525313,
    "decision_tree - lstm": 0.06536333923266556,
    "xgboost - lstm": 0.0023052667280732335
}