Feature,Coefficient
Intercept,-0.023289963056423103
APGAR 10-minute,-0.12193225554354377
