Feature,Coefficient
Intercept,-0.0042462228113437275
Pulse Pressure mean,-0.09254638612494523
