Feature,Coefficient
Intercept,-0.004364234978379658
Pulse Pressure mean,-0.0969889090780295
