Feature,Coefficient
intercept,-0.015557514271918647
apgar10,-0.08021099920406827
