{
    "random - benchmark": 0.19685586173070757,
    "random - logistic_regression": 0.7322934340450757,
    "random - logistic_regression_with_interaction": 0.9368205159760121,
    "random - decision_tree": 0.4837464682844953,
    "random - xgboost": 0.7401014962560258,
    "random - lstm": 0.42891862558292454,
    "benchmark - logistic_regression": 0.15012027318675036,
    "benchmark - logistic_regression_with_interaction": 0.03944165451041999,
    "benchmark - decision_tree": 0.23498769251854862,
    "benchmark - xgboost": 0.016654555248858855,
    "benchmark - lstm": 0.00030731386130581874,
    "logistic_regression - logistic_regression_with_interaction": 0.3118508521850926,
    "logistic_regression - decision_tree": 0.5724351747165362,
    "logistic_regression - xgboost": 0.08822793683243595,
    "logistic_regression - lstm": 0.05201257838145361,
    "logistic_regression_with_interaction - decision_tree": 0.14909188423596448,
    "logistic_regression_with_interaction - xgboost": 0.5049612925772117,
    "logistic_regression_with_interaction - lstm": 0.24594777851971866,
    "decision_tree - xgboost": 0.06818335447060932,
    "decision_tree - lstm": 0.0019800699447975537,
    "xgboost - lstm": 0.45925488004242815
}