Feature,Coefficient
Intercept,-0.02301929306142447
APGAR 10-minute,-0.12034321270908929
