Feature,Coefficient
intercept,-0.02530507978198939
apgar10,-0.12478410367303291
